title	subtitle	image
		/assets/IMG_6396
		/assets/IMG_6397
		/assets/IMG_6398
		/assets/IMG_6399
		/assets/IMG_6400
		/assets/IMG_6401
		/assets/IMG_6402
		/assets/IMG_6403
		/assets/IMG_6404
		/assets/IMG_6405
		/assets/IMG_6406
		/assets/IMG_6407
		/assets/IMG_6408
		/assets/IMG_6409
		/assets/IMG_6410
		/assets/IMG_6411
		/assets/IMG_6412
		/assets/IMG_6413
		/assets/IMG_6414
		/assets/IMG_6415
		/assets/IMG_6416
		/assets/IMG_6417
		/assets/IMG_6418
		/assets/IMG_6419
		/assets/IMG_6420
		/assets/IMG_6421
		/assets/IMG_6422
		/assets/IMG_6423
		/assets/IMG_6424
		/assets/IMG_6425
		/assets/IMG_6426
		/assets/IMG_6427
		/assets/IMG_6428
		/assets/IMG_6429
		/assets/IMG_6430
		/assets/IMG_6431
		/assets/IMG_6432
		/assets/IMG_6433
		/assets/IMG_6434
		/assets/IMG_6435
		/assets/IMG_6436
		/assets/IMG_6437
		/assets/IMG_6438
		/assets/IMG_6439
		/assets/IMG_6440
		/assets/IMG_6441
		/assets/IMG_6442
		/assets/IMG_6443
		/assets/IMG_6444
